actinopterigii	Amphiprion_ocellaris	Amphiprion_percula
actinopterigii	Anguilla_anguilla	Anguilla_japonica
actinopterigii	Anguilla_anguilla	Anguilla_rostrata
actinopterigii	Anguilla_japonica	Anguilla_rostrata
actinopterigii	Chiloscyllium_plagiosum	Chiloscyllium_punctatum
actinopterigii	Cyprinodon_nevadensis	Cyprinodon_variegatus
actinopterigii	Gadus_chalcogrammus	Gadus_morhua
actinopterigii	Merluccius_capensis	Merluccius_merluccius
actinopterigii	Merluccius_capensis	Merluccius_polli
actinopterigii	Merluccius_merluccius	Merluccius_polli
actinopterigii	Morone_chrysops	Morone_saxatilis
actinopterigii	Oncorhynchus_kisutch	Oncorhynchus_mykiss
actinopterigii	Oncorhynchus_kisutch	Oncorhynchus_tshawytscha
actinopterigii	Oncorhynchus_mykiss	Oncorhynchus_tshawytscha
actinopterigii	Oryzias_javanicus	Oryzias_latipes
actinopterigii	Oryzias_javanicus	Oryzias_melastigma
actinopterigii	Oryzias_latipes	Oryzias_melastigma
actinopterigii	Phycis_blennoides	Phycis_phycis
actinopterigii	Poecilia_formosa	Poecilia_latipinna
actinopterigii	Poecilia_formosa	Poecilia_mexicana
actinopterigii	Poecilia_formosa	Poecilia_reticulata
actinopterigii	Poecilia_latipinna	Poecilia_mexicana
actinopterigii	Poecilia_latipinna	Poecilia_reticulata
actinopterigii	Poecilia_mexicana	Poecilia_reticulata
actinopterigii	Sebastes_aleutianus	Sebastes_minor
actinopterigii	Sebastes_aleutianus	Sebastes_nigrocinctus
actinopterigii	Sebastes_aleutianus	Sebastes_norvegicus
actinopterigii	Sebastes_aleutianus	Sebastes_rubrivinctus
actinopterigii	Sebastes_aleutianus	Sebastes_steindachneri
actinopterigii	Sebastes_minor	Sebastes_nigrocinctus
actinopterigii	Sebastes_minor	Sebastes_norvegicus
actinopterigii	Sebastes_minor	Sebastes_rubrivinctus
actinopterigii	Sebastes_minor	Sebastes_steindachneri
actinopterigii	Sebastes_nigrocinctus	Sebastes_norvegicus
actinopterigii	Sebastes_nigrocinctus	Sebastes_rubrivinctus
actinopterigii	Sebastes_nigrocinctus	Sebastes_steindachneri
actinopterigii	Sebastes_norvegicus	Sebastes_rubrivinctus
actinopterigii	Sebastes_norvegicus	Sebastes_steindachneri
actinopterigii	Sebastes_rubrivinctus	Sebastes_steindachneri
actinopterigii	Seriola_dumerili	Seriola_lalandi
actinopterigii	Seriola_dumerili	Seriola_quinqueradiata
actinopterigii	Seriola_dumerili	Seriola_rivoliana
actinopterigii	Seriola_lalandi	Seriola_quinqueradiata
actinopterigii	Seriola_lalandi	Seriola_rivoliana
actinopterigii	Seriola_quinqueradiata	Seriola_rivoliana
actinopterigii	Sinocyclocheilus_anshuiensis	Sinocyclocheilus_grahami
actinopterigii	Sinocyclocheilus_anshuiensis	Sinocyclocheilus_rhinocerous
actinopterigii	Sinocyclocheilus_grahami	Sinocyclocheilus_rhinocerous
actinopterigii	Takifugu_bimaculatus	Takifugu_flavidus
actinopterigii	Takifugu_bimaculatus	Takifugu_rubripes
actinopterigii	Takifugu_flavidus	Takifugu_rubripes
actinopterigii	Thunnus_albacares	Thunnus_orientalis
actinopterigii	Thunnus_albacares	Thunnus_thynnus
actinopterigii	Thunnus_orientalis	Thunnus_thynnus
actinopterigii	Trachyrincus_murrayi	Trachyrincus_scabrus
actinopterigii	Xiphophorus_couchianus	Xiphophorus_hellerii
actinopterigii	Xiphophorus_couchianus	Xiphophorus_maculatus
actinopterigii	Xiphophorus_hellerii	Xiphophorus_maculatus
amphibia	Xenopus_laevis	Xenopus_tropicalis
aves	Amazona_aestiva	Amazona_collaria
aves	Amazona_aestiva	Amazona_vittata
aves	Amazona_collaria	Amazona_vittata
aves	Anas_platyrhynchos	Anas_zonorhyncha
aves	Anser_brachyrhynchus	Anser_cygnoides
aves	Apteryx_australis	Apteryx_haastii
aves	Apteryx_australis	Apteryx_owenii
aves	Apteryx_australis	Apteryx_rowi
aves	Apteryx_haastii	Apteryx_owenii
aves	Apteryx_haastii	Apteryx_rowi
aves	Apteryx_owenii	Apteryx_rowi
aves	Calidris_pugnax	Calidris_pygmaea
aves	Chlamydotis_macqueenii	Chlamydotis_undulata
aves	Corvus_brachyrhynchos	Corvus_cornix
aves	Corvus_brachyrhynchos	Corvus_hawaiiensis
aves	Corvus_cornix	Corvus_hawaiiensis
aves	Falco_cherrug	Falco_peregrinus
aves	Haliaeetus_albicilla	Haliaeetus_leucocephalus
aves	Nannopterum_auritus	Nannopterum_brasilianus
aves	Nannopterum_auritus	Nannopterum_harrisi
aves	Nannopterum_brasilianus	Nannopterum_harrisi
aves	Phylloscopus_plumbeitarsus	Phylloscopus_trochiloides
aves	Phylloscopus_plumbeitarsus	Phylloscopus_trochilus
aves	Phylloscopus_trochiloides	Phylloscopus_trochilus
aves	Pygoscelis_adeliae	Pygoscelis_antarcticus
aves	Pygoscelis_adeliae	Pygoscelis_papua
aves	Pygoscelis_antarcticus	Pygoscelis_papua
aves	Spheniscus_humboldti	Spheniscus_magellanicus
aves	Spheniscus_humboldti	Spheniscus_mendiculus
aves	Spheniscus_magellanicus	Spheniscus_mendiculus
mammalia	Apodemus_speciosus	Apodemus_sylvaticus
mammalia	Balaenoptera_acutorostrata	Balaenoptera_bonaerensis
mammalia	Camelus_bactrianus	Camelus_dromedarius
mammalia	Camelus_bactrianus	Camelus_ferus
mammalia	Camelus_dromedarius	Camelus_ferus
mammalia	Capra_aegagrus	Capra_sibirica
mammalia	Cavia_aperea	Cavia_tschudii
mammalia	Cebus_albifrons	Cebus_capucinus
mammalia	Choloepus_didactylus	Choloepus_hoffmanni
mammalia	Dipodomys_ordii	Dipodomys_stephensi
mammalia	Ellobius_lutescens	Ellobius_talpinus
mammalia	Eulemur_flavifrons	Eulemur_fulvus
mammalia	Eulemur_flavifrons	Eulemur_macaco
mammalia	Eulemur_fulvus	Eulemur_macaco
mammalia	Giraffa_tippelskirchi	Giraffa_camelopardalis
mammalia	Hipposideros_armiger	Hipposideros_galeritus
mammalia	Macaca_fascicularis	Macaca_fuscata
mammalia	Macaca_fascicularis	Macaca_mulatta
mammalia	Macaca_fascicularis	Macaca_nemestrina
mammalia	Macaca_fuscata	Macaca_mulatta
mammalia	Macaca_fuscata	Macaca_nemestrina
mammalia	Macaca_mulatta	Macaca_nemestrina
mammalia	Macropus_eugenii	Macropus_rufus
mammalia	Macropus_eugenii	Macropus_giganteus
mammalia	Macropus_eugenii	Macropus_fuliginosus
mammalia	Macropus_rufus	Macropus_giganteus
mammalia	Macropus_rufus	Macropus_fuliginosus
mammalia	Macropus_giganteus	Macropus_fuliginosus
mammalia	Manis_javanica	Manis_pentadactyla
mammalia	Marmota_flaviventris	Marmota_marmota
mammalia	Microtus_agrestis	Microtus_ochrogaster
mammalia	Miniopterus_natalensis	Miniopterus_schreibersii
mammalia	Mus_caroli	Mus_pahari
mammalia	Mus_caroli	Mus_spicilegus
mammalia	Mus_caroli	Mus_spretus
mammalia	Mus_pahari	Mus_spicilegus
mammalia	Mus_pahari	Mus_spretus
mammalia	Mus_spicilegus	Mus_spretus
mammalia	Myotis_brandtii	Myotis_davidii
mammalia	Myotis_brandtii	Myotis_lucifugus
mammalia	Myotis_brandtii	Myotis_myotis
mammalia	Myotis_davidii	Myotis_lucifugus
mammalia	Myotis_davidii	Myotis_myotis
mammalia	Myotis_lucifugus	Myotis_myotis
mammalia	Odocoileus_hemionus	Odocoileus_virginianus
mammalia	Ovis_ammon	Ovis_canadensis
mammalia	Pan_paniscus	Pan_troglodytes
mammalia	Panthera_onca	Panthera_pardus
mammalia	Panthera_onca	Panthera_tigris
mammalia	Panthera_pardus	Panthera_tigris
mammalia	Paradisaea_raggiana	Paradisaea_rubra
mammalia	Peromyscus_maniculatus	Peromyscus_polionotus
mammalia	Pteropus_alecto	Pteropus_vampyrus
mammalia	Rhinolophus_ferrumequinum	Rhinolophus_sinicus
mammalia	Rhinopithecus_bieti	Rhinopithecus_roxellana
mammalia	Tapirus_indicus	Tapirus_terrestris
mammalia	Tupaia_belangeri	Tupaia_chinensis
mammalia	Tursiops_aduncus	Tursiops_truncatus
mammalia	Ursus_americanus	Ursus_arctos
mammalia	Ursus_americanus	Ursus_maritimus
mammalia	Ursus_arctos	Ursus_maritimus
mammalia	Vulpes_lagopus	Vulpes_vulpes
reptilia	Alligator_mississippiensis	Alligator_sinensis
reptilia	Crotalus_horridus	Crotalus_pyrrhus
reptilia	Crotalus_horridus	Crotalus_viridis
reptilia	Crotalus_pyrrhus	Crotalus_viridis
reptilia	Hydrophis_cyanocinctus	Hydrophis_hardwickii
reptilia	Lacerta_bilineata	Lacerta_viridis
reptilia	Protobothrops_flavoviridis	Protobothrops_mucrosquamatus